year,kind,scenario,country,estimated_harvested_area_ha,conditional_lower_ha,conditional_upper_ha
1961,historical,,BRN,2866.614762931593,,
1961,historical,,KHM,2349305.323300253,,
1961,historical,,IDN,3980972.2784135956,,
1961,historical,,LAO,1115508.7207837638,,
1961,historical,,MYS,341253.38561240764,,
1961,historical,,MMR,4025874.4603440883,,
1961,historical,,PHL,1668283.7114340349,,
1961,historical,,SGP,245.4148367877201,,
1961,historical,,THA,5249989.9576594215,,
1961,historical,,VNM,2825245.8529705666,,
1962,historical,,BRN,3005.144315124324,,
1962,historical,,KHM,2457380.0617937283,,
1962,historical,,IDN,4224560.629875257,,
1962,historical,,LAO,1141554.3298246514,,
1962,historical,,MYS,360427.8376143915,,
1962,historical,,MMR,4370377.313651145,,
1962,historical,,PHL,1657829.6213279949,,
1962,historical,,SGP,260.4175716553036,,
1962,historical,,THA,5591707.131538369,,
1962,historical,,VNM,2914593.166474193,,
1963,historical,,BRN,3016.295777835457,,
1963,historical,,KHM,2362100.1889667595,,
1963,historical,,IDN,3907685.797498889,,
1963,historical,,LAO,1122176.0057672053,,
1963,historical,,MYS,360155.9358431926,,
1963,historical,,MMR,4557399.8046297245,,
1963,historical,,PHL,1621131.2806163842,,
1963,historical,,SGP,241.05947323787467,,
1963,historical,,THA,5565469.703663132,,
1963,historical,,VNM,2717479.1473430693,,
1964,historical,,BRN,3015.1479856435935,,
1964,historical,,KHM,2534977.3295204467,,
1964,historical,,IDN,4052057.103414626,,
1964,historical,,LAO,1311291.2916502,,
1964,historical,,MYS,362973.14548305643,,
1964,historical,,MMR,4644397.353454417,,
1964,historical,,PHL,1678821.0910642475,,
1964,historical,,SGP,249.9033666826352,,
1964,historical,,THA,5513062.112970769,,
1964,historical,,VNM,3023692.6608364894,,
1965,historical,,BRN,3132.3897008601657,,
1965,historical,,KHM,2484486.015333797,,
1965,historical,,IDN,4254613.534135844,,
1965,historical,,LAO,1298375.3092530584,,
1965,historical,,MYS,378759.5631020978,,
1965,historical,,MMR,4537329.604910737,,
1965,historical,,PHL,1631655.170032623,,
1965,historical,,SGP,262.4224670792698,,
1965,historical,,THA,5476266.042243174,,
1965,historical,,VNM,2939979.7482571867,,
1966,historical,,BRN,3103.9714281327933,,
1966,historical,,KHM,2388230.612657371,,
1966,historical,,IDN,4462074.963731381,,
1966,historical,,LAO,1372926.2248452469,,
1966,historical,,MYS,381381.27893843804,,
1966,historical,,MMR,4323733.643170674,,
1966,historical,,PHL,1626399.9805535001,,
1966,historical,,SGP,275.07358786710824,,
1966,historical,,THA,6288225.9735076,,
1966,historical,,VNM,2848630.3491558456,,
1967,historical,,BRN,3323.8886863811554,,
1967,historical,,KHM,2266218.75376345,,
1967,historical,,IDN,4365324.982756258,,
1967,historical,,LAO,1327481.98159716,,
1967,historical,,MYS,389233.7526671773,,
1967,historical,,MMR,4447446.9362662155,,
1967,historical,,PHL,1731314.2661466554,,
1967,historical,,SGP,269.23044610605484,,
1967,historical,,THA,5555413.609157779,,
1967,historical,,VNM,2886242.9962536106,,
1968,historical,,BRN,3612.7850123658036,,
1968,historical,,KHM,2492273.8053393858,,
1968,historical,,IDN,4656761.687216178,,
1968,historical,,LAO,1209509.0956352546,,
1968,historical,,MYS,426603.49929551623,,
1968,historical,,MMR,4506877.1275211815,,
1968,historical,,PHL,1747122.8366346196,,
1968,historical,,SGP,287.2718479704585,,
1968,historical,,THA,5931475.730812283,,
1968,historical,,VNM,2937401.784332414,,
1969,historical,,BRN,3734.9227726483296,,
1969,historical,,KHM,2247291.1721977526,,
1969,historical,,IDN,4651515.9542233385,,
1969,historical,,LAO,1237269.291967702,,
1969,historical,,MYS,439823.46525382856,,
1969,historical,,MMR,4463562.64334167,,
1969,historical,,PHL,1678977.650819272,,
1969,historical,,SGP,287.07038148752474,,
1969,historical,,THA,6145651.882689218,,
1969,historical,,VNM,2905318.0822957847,,
1970,historical,,BRN,3808.5643411017227,,
1970,historical,,KHM,2521430.091341899,,
1970,historical,,IDN,4727413.610964544,,
1970,historical,,LAO,1200864.8905688054,,
1970,historical,,MYS,449815.16630800994,,
1970,historical,,MMR,4555399.850702932,,
1970,historical,,PHL,1679003.3364018977,,
1970,historical,,SGP,291.791982108871,,
1970,historical,,THA,5876197.251931149,,
1970,historical,,VNM,2874139.3075810596,,
1971,historical,,BRN,3859.5793006028503,,
1971,historical,,KHM,2168449.094325569,,
1971,historical,,IDN,4832564.730377962,,
1971,historical,,LAO,1215718.4515406077,,
1971,historical,,MYS,467100.0331330174,,
1971,historical,,MMR,4527966.429684875,,
1971,historical,,PHL,1747214.5709737139,,
1971,historical,,SGP,298.3353840965807,,
1971,historical,,THA,6023304.782819674,,
1971,historical,,VNM,2792777.216655823,,
1972,historical,,BRN,3941.5941192964506,,
1972,historical,,KHM,1857927.4697378136,,
1972,historical,,IDN,4591860.205974884,,
1972,historical,,LAO,1201236.290509412,,
1972,historical,,MYS,477789.4603275584,,
1972,historical,,MMR,4331505.405361118,,
1972,historical,,PHL,1673833.7848224742,,
1972,historical,,SGP,283.7051728676157,,
1972,historical,,THA,5728301.127748939,,
1972,historical,,VNM,2827212.2392210728,,
1973,historical,,BRN,3911.387024239051,,
1973,historical,,KHM,1501480.878170351,,
1973,historical,,IDN,4879801.980499116,,
1973,historical,,LAO,1275331.5186547549,,
1973,historical,,MYS,478702.79802051676,,
1973,historical,,MMR,4662864.419680628,,
1973,historical,,PHL,1852119.1011853006,,
1973,historical,,SGP,301.266689688558,,
1973,historical,,THA,6426880.370745741,,
1973,historical,,VNM,2807186.3301490014,,
1974,historical,,BRN,3964.066971044908,,
1974,historical,,KHM,1324679.3299205455,,
1974,historical,,IDN,4942754.792308294,,
1974,historical,,LAO,1260646.3546768548,,
1974,historical,,MYS,472337.80852624495,,
1974,historical,,MMR,4642681.710244794,,
1974,historical,,PHL,1904546.3626031363,,
1974,historical,,SGP,305.07389254740076,,
1974,historical,,THA,6091602.700305367,,
1974,historical,,VNM,2813002.5883007487,,
1975,historical,,BRN,4039.2717949515927,,
1975,historical,,KHM,1559026.883904301,,
1975,historical,,IDN,4937717.352606945,,
1975,historical,,LAO,1319823.2419954592,,
1975,historical,,MYS,481312.18295678904,,
1975,historical,,MMR,4823926.967948262,,
1975,historical,,PHL,1925535.2768506673,,
1975,historical,,SGP,304.7840223161807,,
1975,historical,,THA,6921797.083934868,,
1975,historical,,VNM,2741419.530763671,,
1976,historical,,BRN,3965.09938522008,,
1976,historical,,KHM,1677247.0774211013,,
1976,historical,,IDN,4861997.357323172,,
1976,historical,,LAO,1249417.216052216,,
1976,historical,,MYS,470975.61734894395,,
1976,historical,,MMR,4708951.738278045,,
1976,historical,,PHL,1909781.9300162033,,
1976,historical,,SGP,300.0877148687164,,
1976,historical,,THA,6741687.370785052,,
1976,historical,,VNM,2955825.6845191005,,
1977,historical,,BRN,3821.926126906388,,
1977,historical,,KHM,1719468.799831595,,
1977,historical,,IDN,4855884.699167388,,
1977,historical,,LAO,1319790.8270390015,,
1977,historical,,MYS,467800.6828712473,,
1977,historical,,MMR,4705658.914916714,,
1977,historical,,PHL,1888792.921606678,,
1977,historical,,SGP,299.6715745689176,,
1977,historical,,THA,7196170.100607544,,
1977,historical,,VNM,3042467.7368095308,,
1978,historical,,BRN,3201.001753573294,,
1978,historical,,KHM,1724522.318283846,,
1978,historical,,IDN,5178737.427518065,,
1978,historical,,LAO,1342119.8017838344,,
1978,historical,,MYS,402945.6441889819,,
1978,historical,,MMR,4831809.84717079,,
1978,historical,,PHL,1867645.1110826489,,
1978,historical,,SGP,318.9085190467847,,
1978,historical,,THA,7341722.502052707,,
1978,historical,,VNM,3036300.4432718093,,
1979,historical,,BRN,3823.5157094068427,,
1979,historical,,KHM,1567765.2954274442,,
1979,historical,,IDN,5110459.279291197,,
1979,historical,,LAO,1377885.7535768815,,
1979,historical,,MYS,478401.70493214484,,
1979,historical,,MMR,4364267.577542065,,
1979,historical,,PHL,1909788.0456177595,,
1979,historical,,SGP,315.2982273010242,,
1979,historical,,THA,7117621.714272476,,
1979,historical,,VNM,3028845.8925305307,,
1980,historical,,BRN,3728.4213201141665,,
1980,historical,,KHM,2057866.0650610952,,
1980,historical,,IDN,5230813.53094556,,
1980,historical,,LAO,1453156.9137522604,,
1980,historical,,MYS,471669.9382327471,,
1980,historical,,MMR,4679073.677314974,,
1980,historical,,PHL,1815366.9179884286,,
1980,historical,,SGP,322.5785609133465,,
1980,historical,,THA,7622526.120973293,,
1980,historical,,VNM,3185185.603056887,,
1981,historical,,BRN,3701.5495101810543,,
1981,historical,,KHM,1979958.1951597116,,
1981,historical,,IDN,5444119.431529742,,
1981,historical,,LAO,1457509.1596127707,,
1981,historical,,MYS,471367.35120290745,,
1981,historical,,MMR,4693699.122873465,,
1981,historical,,PHL,1804871.2741531988,,
1981,historical,,SGP,335.6016201146656,,
1981,historical,,THA,7545431.550856125,,
1981,historical,,VNM,3196844.1896647336,,
1982,historical,,BRN,3531.95399931573,,
1982,historical,,KHM,2188391.4161692173,,
1982,historical,,IDN,5217951.041412186,,
1982,historical,,LAO,1446441.0068857481,,
1982,historical,,MYS,452789.95077284856,,
1982,historical,,MMR,4479815.14143664,,
1982,historical,,PHL,1699951.954908073,,
1982,historical,,SGP,321.65156548975966,,
1982,historical,,THA,7429260.9871830605,,
1982,historical,,VNM,3269537.6535870335,,
1983,historical,,BRN,3482.2027653644527,,
1983,historical,,KHM,2187464.5276262476,,
1983,historical,,IDN,5315536.625360882,,
1983,historical,,LAO,1465992.7676683813,,
1983,historical,,MYS,448774.65797093505,,
1983,historical,,MMR,4593153.826085595,,
1983,historical,,PHL,1647490.475935202,,
1983,historical,,SGP,327.55150675560185,,
1983,historical,,THA,7937208.549643541,,
1983,historical,,VNM,3214257.8241874175,,
1984,historical,,BRN,3379.346907245525,,
1984,historical,,KHM,1763037.6822370552,,
1984,historical,,IDN,5660231.835914062,,
1984,historical,,LAO,1446687.8636067186,,
1984,historical,,MYS,432975.1489268961,,
1984,historical,,MMR,4554761.485160299,,
1984,historical,,PHL,1689392.6033091934,,
1984,historical,,SGP,348.466195324973,,
1984,historical,,THA,7881558.478918998,,
1984,historical,,VNM,3151772.2168162735,,
1985,historical,,BRN,3374.302304728448,,
1985,historical,,KHM,2098661.9686715975,,
1985,historical,,IDN,5742203.645047632,,
1985,historical,,LAO,1469361.4342667598,,
1985,historical,,MYS,450071.3059276625,,
1985,historical,,MMR,4607320.895573571,,
1985,historical,,PHL,1783825.9733863412,,
1985,historical,,SGP,353.6039117679704,,
1985,historical,,THA,8084410.075712226,,
1985,historical,,VNM,3233677.699235259,,
1986,historical,,BRN,3343.6071049952784,,
1986,historical,,KHM,2123470.874282079,,
1986,historical,,IDN,5793949.707873695,,
1986,historical,,LAO,1410500.8233202063,,
1986,historical,,MYS,446319.89594189264,,
1986,historical,,MMR,4586470.331707674,,
1986,historical,,PHL,1783821.0808559118,,
1986,historical,,SGP,356.75566597758564,,
1986,historical,,THA,7591289.283223311,,
1986,historical,,VNM,3230385.69789533,,
1987,historical,,BRN,3409.640455098466,,
1987,historical,,KHM,2002838.2473184098,,
1987,historical,,IDN,5753880.607506829,,
1987,historical,,LAO,1344940.0322972739,,
1987,historical,,MYS,449675.20440700353,,
1987,historical,,MMR,4413145.079962292,,
1987,historical,,PHL,1710412.2834152265,,
1987,historical,,SGP,354.3351665287509,,
1987,historical,,THA,7517034.810715387,,
1987,historical,,VNM,3145647.7590141827,,
1988,historical,,BRN,3458.50583696755,,
1988,historical,,KHM,2360534.7101863697,,
1988,historical,,IDN,5857958.0922649745,,
1988,historical,,LAO,1401796.6124499326,,
1988,historical,,MYS,460589.25288544496,,
1988,historical,,MMR,4500216.361468825,,
1988,historical,,PHL,1778602.6092541167,,
1988,historical,,SGP,360.7712315897654,,
1988,historical,,THA,8143739.542907038,,
1988,historical,,VNM,3279024.5594454133,,
1989,historical,,BRN,3420.9810559001676,,
1989,historical,,KHM,2405399.303278878,,
1989,historical,,IDN,6088126.767479426,,
1989,historical,,LAO,1449016.4794142789,,
1989,historical,,MYS,459771.7090490657,,
1989,historical,,MMR,4664107.8114476595,,
1989,historical,,PHL,1836278.878266547,,
1989,historical,,SGP,374.8406355225241,,
1989,historical,,THA,8146408.566381616,,
1989,historical,,VNM,3376092.3949577296,,
1990,historical,,BRN,3481.9174965217144,,
1990,historical,,KHM,2390833.596916148,,
1990,historical,,IDN,6089147.570663034,,
1990,historical,,LAO,1408108.9615285858,,
1990,historical,,MYS,464069.85296910926,,
1990,historical,,MMR,4642057.317698969,,
1990,historical,,PHL,1741904.2509775064,,
1990,historical,,SGP,374.9479724370442,,
1990,historical,,THA,7320121.2626782255,,
1990,historical,,VNM,3446589.1173823685,,
1991,historical,,BRN,3479.3555598205826,,
1991,historical,,KHM,2335658.3063216624,,
1991,historical,,IDN,5974951.105729533,,
1991,historical,,LAO,1389888.22505868,,
1991,historical,,MYS,464885.30815268715,,
1991,historical,,MMR,4497961.226112752,,
1991,historical,,PHL,1794349.7513908441,,
1991,historical,,SGP,367.9069471863256,,
1991,historical,,THA,7480122.176046063,,
1991,historical,,VNM,3541506.6098686927,,
1992,historical,,BRN,3476.2439994793544,,
1992,historical,,KHM,2343298.042741298,,
1992,historical,,IDN,6435151.934521767,,
1992,historical,,LAO,1414593.991847391,,
1992,historical,,MYS,466498.4584379942,,
1992,historical,,MMR,4883146.299099145,,
1992,historical,,PHL,1678964.1963928523,,
1992,historical,,SGP,396.07733482328035,,
1992,historical,,THA,7579302.501433224,,
1992,historical,,VNM,3626034.6648517293,,
1993,historical,,BRN,3527.616530068587,,
1993,historical,,KHM,2437998.0234281393,,
1993,historical,,IDN,6378262.50080474,,
1993,historical,,LAO,1400884.5915857484,,
1993,historical,,MYS,475002.9784443372,,
1993,historical,,MMR,5207935.320814573,,
1993,historical,,PHL,1720942.0475951263,,
1993,historical,,SGP,392.6736501493556,,
1993,historical,,THA,7478934.988978041,,
1993,historical,,VNM,3678149.857137199,,
1994,historical,,BRN,3553.1139811715975,,
1994,historical,,KHM,2218190.459429761,,
1994,historical,,IDN,6205089.919923131,,
1994,historical,,LAO,1432693.8191726992,,
1994,historical,,MYS,475504.2162139406,,
1994,historical,,MMR,5407623.018107922,,
1994,historical,,PHL,1914984.5355126646,,
1994,historical,,SGP,382.12155436607196,,
1994,historical,,THA,7456581.661280662,,
1994,historical,,VNM,3657352.39073262,,
1995,historical,,BRN,3456.4149545384157,,
1995,historical,,KHM,2538862.116222192,,
1995,historical,,IDN,6608036.249960065,,
1995,historical,,LAO,1428849.2405378048,,
1995,historical,,MYS,468800.96109127405,,
1995,historical,,MMR,5641995.985790506,,
1995,historical,,PHL,1972638.9009017816,,
1995,historical,,SGP,406.667272485234,,
1995,historical,,THA,7590542.945016154,,
1995,historical,,VNM,3797810.6264864574,,
1996,historical,,BRN,3512.5369791330177,,
1996,historical,,KHM,2547581.287531787,,
1996,historical,,IDN,6724145.562736335,,
1996,historical,,LAO,1449434.3781492093,,
1996,historical,,MYS,477123.5406941046,,
1996,historical,,MMR,5450780.416555712,,
1996,historical,,PHL,2072293.282797958,,
1996,historical,,SGP,413.80301254776674,,
1996,historical,,THA,7701942.120140492,,
1996,historical,,VNM,3905170.2034717463,,
1997,historical,,BRN,3524.6432248764618,,
1997,historical,,KHM,2616731.729793233,,
1997,historical,,IDN,6435232.38100889,,
1997,historical,,LAO,1524999.7778651866,,
1997,historical,,MYS,478397.25340276957,,
1997,historical,,MMR,5196540.8892737115,,
1997,historical,,PHL,2014614.3725958043,,
1997,historical,,SGP,396.1910317332735,,
1997,historical,,THA,8201285.066149294,,
1997,historical,,VNM,3967320.947380056,,
1998,historical,,BRN,3487.539158194827,,
1998,historical,,KHM,2659462.8423433746,,
1998,historical,,IDN,6780561.270429173,,
1998,historical,,LAO,1520681.0182848396,,
1998,historical,,MYS,473314.0860712483,,
1998,historical,,MMR,5216268.64858197,,
1998,historical,,PHL,1663232.9215808616,,
1998,historical,,SGP,417.2635456645131,,
1998,historical,,THA,7899762.176398685,,
1998,historical,,VNM,4096317.912123271,,
1999,historical,,BRN,3574.4259092057528,,
1999,historical,,KHM,2799827.910294269,,
1999,historical,,IDN,6954259.132004332,,
1999,historical,,LAO,1628867.1393262998,,
1999,historical,,MYS,486718.08319872705,,
1999,historical,,MMR,5842927.330625612,,
1999,historical,,PHL,2098522.722699686,,
1999,historical,,SGP,427.96715575831223,,
1999,historical,,THA,8315263.573556954,,
1999,historical,,VNM,4272028.967013816,,
2000,historical,,BRN,3604.2525999983513,,
2000,historical,,KHM,2676643.0023602042,,
2000,historical,,IDN,6839769.338543167,,
2000,historical,,LAO,1629543.0844077955,,
2000,historical,,MYS,488275.22606684646,,
2000,historical,,MMR,5928467.690035896,,
2000,historical,,PHL,2119507.897990251,,
2000,historical,,SGP,420.95137471300535,,
2000,historical,,THA,8241257.80445634,,
2000,historical,,VNM,4261945.587176129,,
2001,historical,,BRN,3485.4347123915704,,
2001,historical,,KHM,2714296.646093943,,
2001,historical,,IDN,6668040.582898162,,
2001,historical,,LAO,1650865.3217118063,,
2001,historical,,MYS,474029.4701438684,,
2001,historical,,MMR,6027190.394909809,,
2001,historical,,PHL,2135210.103665567,,
2001,historical,,SGP,410.20356274506304,,
2001,historical,,THA,8418969.33253703,,
2001,historical,,VNM,4192480.455260633,,
2002,historical,,BRN,3510.341984248502,,
2002,historical,,KHM,2708288.0574093345,,
2002,historical,,IDN,6668260.277140681,,
2002,historical,,LAO,1613637.8155566584,,
2002,historical,,MYS,474822.85423830024,,
2002,historical,,MMR,5975346.870253088,,
2002,historical,,PHL,2124727.796180968,,
2002,historical,,SGP,410.23516698247295,,
2002,historical,,THA,8069553.805791043,,
2002,historical,,VNM,4196038.345918231,,
2003,historical,,BRN,3501.5729213120185,,
2003,historical,,KHM,2890533.14552085,,
2003,historical,,IDN,6669112.528121247,,
2003,historical,,LAO,1660998.0258376938,,
2003,historical,,MYS,473472.7858694991,,
2003,historical,,MMR,6109842.105782496,,
2003,historical,,PHL,2103742.226594883,,
2003,historical,,SGP,410.19094064235725,,
2003,historical,,THA,8525219.8894954,,
2003,historical,,VNM,4207456.638583244,,
2004,historical,,BRN,3566.9580726076165,,
2004,historical,,KHM,2795252.4908693754,,
2004,historical,,IDN,6897489.876275215,,
2004,historical,,LAO,1654982.5504665799,,
2004,historical,,MYS,480582.2115583611,,
2004,historical,,MMR,6318191.042647007,,
2004,historical,,PHL,2166683.6993091768,,
2004,historical,,SGP,424.3677304459313,,
2004,historical,,THA,8364324.200996516,,
2004,historical,,VNM,4191625.8694351534,,
2005,historical,,BRN,3566.453091234176,,
2005,historical,,KHM,2990195.032787262,,
2005,historical,,IDN,6841868.798492011,,
2005,historical,,LAO,1647859.05417212,,
2005,historical,,MYS,478104.36298946163,,
2005,historical,,MMR,6779899.972901663,,
2005,historical,,PHL,2135212.5498194224,,
2005,historical,,SGP,420.8061714781928,,
2005,historical,,THA,8562552.88319399,,
2005,historical,,VNM,4170736.7647301303,,
2006,historical,,BRN,3448.590715040227,,
2006,historical,,KHM,3064478.514544104,,
2006,historical,,IDN,6841194.891245104,,
2006,historical,,LAO,1654011.007587973,,
2006,historical,,MYS,462609.2384648488,,
2006,historical,,MMR,7316467.849716594,,
2006,historical,,PHL,2182372.3195879506,,
2006,historical,,SGP,420.6104308153865,,
2006,historical,,THA,8593537.323050268,,
2006,historical,,VNM,4178777.228497882,,
2007,historical,,BRN,3594.1343899783824,,
2007,historical,,KHM,3098867.581931027,,
2007,historical,,IDN,6784056.958919634,,
2007,historical,,LAO,1673472.371444716,,
2007,historical,,MYS,477830.01354951726,,
2007,historical,,MMR,7291659.398424515,,
2007,historical,,PHL,2240092.583876154,,
2007,historical,,SGP,417.2572346131602,,
2007,historical,,THA,8980445.389840946,,
2007,historical,,VNM,4124953.1290931837,,
2008,historical,,BRN,3518.662455661055,,
2008,historical,,KHM,3153875.123800967,,
2008,historical,,IDN,6784111.972660603,,
2008,historical,,LAO,1716764.7252468297,,
2008,historical,,MYS,469808.65152442903,,
2008,historical,,MMR,7377735.904306849,,
2008,historical,,PHL,2339712.57467245,,
2008,historical,,SGP,417.156208749993,,
2008,historical,,THA,8999370.27621569,,
2008,historical,,VNM,4230808.131141563,,
2009,historical,,BRN,3650.9441766005193,,
2009,historical,,KHM,3213849.549254143,,
2009,historical,,IDN,6841702.172778432,,
2009,historical,,LAO,1766054.3433277516,,
2009,historical,,MYS,481363.8074366827,,
2009,historical,,MMR,7348697.88566963,,
2009,historical,,PHL,2376443.9206435215,,
2009,historical,,SGP,420.79986041466486,,
2009,historical,,THA,9322418.222202823,,
2009,historical,,VNM,4263508.171693846,,
2010,historical,,BRN,3677.8811500231755,,
2010,historical,,KHM,3321986.781000807,,
2010,historical,,IDN,6841499.824972978,,
2010,historical,,LAO,1844986.5293981126,,
2010,historical,,MYS,485947.87884387193,,
2010,historical,,MMR,7373743.434919098,,
2010,historical,,PHL,2282052.227421197,,
2010,historical,,SGP,420.8187935930737,,
2010,historical,,THA,9957466.982131464,,
2010,historical,,VNM,4306166.7215725435,,
2011,historical,,BRN,3686.492816089337,,
2011,historical,,KHM,3477492.1348260287,,
2011,historical,,IDN,6784122.202824364,,
2011,historical,,LAO,1842328.2183985596,,
2011,historical,,MYS,490445.74712431635,,
2011,historical,,MMR,7041730.377057254,,
2011,historical,,PHL,2381704.13769882,,
2011,historical,,SGP,417.3519494006243,,
2011,historical,,THA,10029593.165214548,,
2011,historical,,VNM,4413927.401526467,,
2012,historical,,BRN,3692.423375744233,,
2012,historical,,KHM,3521925.9495464964,,
2012,historical,,IDN,6727153.048712132,,
2012,historical,,LAO,1908508.1701158502,,
2012,historical,,MYS,488188.3495370433,,
2012,historical,,MMR,6551235.735575362,,
2012,historical,,PHL,2460363.470471816,,
2012,historical,,SGP,413.80301254776674,,
2012,historical,,THA,10043253.685042577,,
2012,historical,,VNM,4480864.065813948,,
2013,historical,,BRN,3575.6964141008634,,
2013,historical,,KHM,3496169.096985659,,
2013,historical,,IDN,6724715.792491873,,
2013,historical,,LAO,1872667.8730086356,,
2013,historical,,MYS,480350.1137390753,,
2013,historical,,MMR,6538611.2643299,,
2013,historical,,PHL,2491812.4099184405,,
2013,historical,,SGP,413.7209198630085,,
2013,historical,,THA,9794593.468334053,,
2013,historical,,VNM,4538086.834060937,,
2014,historical,,BRN,3288.4049027531723,,
2014,historical,,KHM,3387553.1424431163,,
2014,historical,,IDN,6664614.9031858025,,
2014,historical,,LAO,1829828.6001634153,,
2014,historical,,MYS,446978.5001376899,,
2014,historical,,MMR,6430286.419663538,,
2014,historical,,PHL,2486498.617994986,,
2014,historical,,SGP,409.8310146222093,,
2014,historical,,THA,9022852.118685544,,
2014,historical,,VNM,4487781.929572422,,
2015,historical,,BRN,3567.089826167018,,
2015,historical,,KHM,3317538.1594695286,,
2015,historical,,IDN,6609099.906326941,,
2015,historical,,LAO,1762178.050387915,,
2015,historical,,MYS,475975.15940988756,,
2015,historical,,MMR,6310184.943403671,,
2015,historical,,PHL,2444626.980368778,,
2015,historical,,SGP,406.7240964499079,,
2015,historical,,THA,8264058.151235575,,
2015,historical,,VNM,4481554.16078827,,
2016,historical,,BRN,3569.087356442629,,
2016,historical,,KHM,3396289.9315644028,,
2016,historical,,IDN,6147412.320341739,,
2016,historical,,LAO,1830596.6306553923,,
2016,historical,,MYS,476532.25040473125,,
2016,historical,,MMR,6303911.323842472,,
2016,historical,,PHL,2392193.760939344,,
2016,historical,,SGP,378.52846459536653,,
2016,historical,,THA,9029704.583628824,,
2016,historical,,VNM,4445824.903610893,,
2017,historical,,BRN,3559.944866351065,,
2017,historical,,KHM,3447943.5460599056,,
2017,historical,,IDN,6320556.993821851,,
2017,historical,,LAO,1821382.2437738883,,
2017,historical,,MYS,477549.482237358,,
2017,historical,,MMR,6490859.963126302,,
2017,historical,,PHL,2523294.7348701125,,
2017,historical,,SGP,389.09946905456115,,
2017,historical,,THA,9039726.953340821,,
2017,historical,,VNM,4444209.88325698,,
2018,historical,,BRN,3627.4814784054656,,
2018,historical,,KHM,3470655.853054979,,
2018,historical,,IDN,6609169.031640758,,
2018,historical,,LAO,1748288.097206518,,
2018,historical,,MYS,488341.7202000135,,
2018,historical,,MMR,6636569.852309137,,
2018,historical,,PHL,2518067.7370079034,,
2018,historical,,SGP,406.8377444279559,,
2018,historical,,THA,8949638.641669894,,
2018,historical,,VNM,4370456.601629386,,
2019,historical,,BRN,3473.284186535807,,
2019,historical,,KHM,3373717.6140468693,,
2019,historical,,IDN,6205055.167653888,,
2019,historical,,LAO,1660441.3121869583,,
2019,historical,,MYS,465370.0869245887,,
2019,historical,,MMR,6387698.619174541,,
2019,historical,,PHL,2439370.5776684955,,
2019,historical,,SGP,381.951082411175,,
2019,historical,,THA,8312985.135767183,,
2019,historical,,VNM,4292279.5899583725,,
2020,historical,,BRN,3371.512728620739,,
2020,historical,,KHM,3333645.807329615,,
2020,historical,,IDN,6203417.555575883,,
2020,historical,,LAO,1694603.3012762864,,
2020,historical,,MYS,454623.0274706742,,
2020,historical,,MMR,6200225.000841938,,
2020,historical,,PHL,2476048.247002559,,
2020,historical,,SGP,381.78692151980596,,
2020,historical,,THA,8758116.408139186,,
2020,historical,,VNM,4175568.394595563,,
2021,historical,,BRN,3365.0864433921406,,
2021,historical,,KHM,3591724.8267915053,,
2021,historical,,IDN,6037967.784019685,,
2021,historical,,LAO,1820897.4943299596,,
2021,historical,,MYS,455301.56159281486,,
2021,historical,,MMR,6150411.595814063,,
2021,historical,,PHL,2520663.8255894897,,
2021,historical,,SGP,371.61148152985913,,
2021,historical,,THA,9465536.397062477,,
2021,historical,,VNM,4236352.936835562,,
2022,projected,ssp245,BRN,3363.8617747725043,3162.6420748763635,3575.5540477606837
2022,projected,ssp245,KHM,3226758.6394602032,3033895.9291547732,3429646.842934871
2022,projected,ssp245,IDN,5710173.347726858,5367872.35144163,6070349.339379243
2022,projected,ssp245,LAO,1692238.4503888618,1591267.5358392263,1798444.466350707
2022,projected,ssp245,MYS,441827.28588168696,415480.27638649265,469539.11310353456
2022,projected,ssp245,MMR,5933178.473044605,5576795.030574915,6308227.3907246
2022,projected,ssp245,PHL,2302420.8906182335,2163811.5682767946,2448314.3964832365
2022,projected,ssp245,SGP,374.8442493903859,352.5471687288766,398.29199855818575
2022,projected,ssp245,THA,8489973.31928728,7984228.938118138,9021874.55907825
2022,projected,ssp245,VNM,4026439.800803604,3784108.135044645,4281501.098923178
2023,projected,ssp245,BRN,3382.9655364886603,3169.4004998690216,3608.569988962619
2023,projected,ssp245,KHM,3123621.3242982007,2926447.164589473,3331909.5595353814
2023,projected,ssp245,IDN,5607931.058709862,5252709.459078183,5983281.735310859
2023,projected,ssp245,LAO,1655883.3446309362,1551602.8871747549,1766021.6706287272
2023,projected,ssp245,MYS,438791.89575144346,411206.178184345,467923.33295652847
2023,projected,ssp245,MMR,5788829.66586469,5420735.486016216,6177896.720990377
2023,projected,ssp245,PHL,2249673.884944777,2106077.0662569837,2401497.8444631686
2023,projected,ssp245,SGP,376.80893494331536,353.20037615227136,401.73376509986485
2023,projected,ssp245,THA,8239927.190454884,7722438.882214016,8786368.035411341
2023,projected,ssp245,VNM,3916675.286196114,3666890.889518383,4180752.0711106295
2024,projected,ssp245,BRN,3402.1272849480215,3176.8700591951183,3640.9840171954525
2024,projected,ssp245,KHM,3025065.062984141,2824680.7222149847,3237555.542548172
2024,projected,ssp245,IDN,5509298.510691188,5142957.567588241,5897900.4775727205
2024,projected,ssp245,LAO,1620801.3740622003,1513740.6319053248,1734304.193581934
2024,projected,ssp245,MYS,435853.88070481597,407139.32611699397,466289.82453982317
2024,projected,ssp245,MMR,5649979.652594227,5272271.159151775,6050809.715442067
2024,projected,ssp245,PHL,2198818.343221916,2051084.6078472957,2355660.110929648
2024,projected,ssp245,SGP,378.7802480210529,353.92839890678164,405.11315369390985
2024,projected,ssp245,THA,8000211.945175395,7473682.443938762,8558259.984424826
2024,projected,ssp245,VNM,3811327.609068529,3555584.121838417,4082808.1976848817
2025,projected,ssp245,BRN,3421.3473031405097,3184.9491413309756,3672.898530238588
2025,projected,ssp245,KHM,2930848.2063042438,2728157.266095234,3146548.4787436477
2025,projected,ssp245,IDN,5414125.049259158,5038171.70895798,5814356.765171556
2025,projected,ssp245,LAO,1586938.297311385,1477541.0768657783,1703325.664524819
2025,projected,ssp245,MYS,433010.4304825451,403260.5055482659,464652.4226265799
2025,projected,ssp245,MMR,5516373.242016252,5130788.130570098,5927080.681016425
2025,projected,ssp245,PHL,2149772.8581539295,1998607.328502536,2310869.261466321
2025,projected,ssp245,SGP,380.7582477656886,354.7209874388542,408.4405593304621
2025,projected,ssp245,THA,7770318.796128325,7236987.513494834,8337521.977579008
2025,projected,ssp245,VNM,3710182.929528604,3449711.2472904706,3987726.8084065323
2026,projected,ssp245,BRN,3440.6258762310113,3193.559238742175,3704.3928257376697
2026,projected,ssp245,KHM,2840743.6392644374,2636494.6635136046,3058823.3078892683
2026,projected,ssp245,IDN,5322267.493643994,4937978.786087638,5732744.388064679
2026,projected,ssp245,LAO,1554242.5797878252,1442885.3549091513,1673104.1424853583
2026,projected,ssp245,MYS,430258.84045316285,399554.10620177654,463021.5576757518
2026,projected,ssp245,MMR,5387769.002909966,4995765.708322717,5806757.457293333
2026,projected,ssp245,PHL,2102460.0819594185,1948455.2235071429,2267164.3536192644
2026,projected,ssp245,SGP,382.7429940241414,355.5701626264374,411.72410787014263
2026,projected,ssp245,THA,7549767.577746038,7011507.765644806,8124055.765294548
2026,projected,ssp245,VNM,3613039.356593799,3348866.3200635244,3895517.874884311
2027,projected,ssp245,BRN,3459.9632915482266,3202.6382216220595,3735.52982743036
2027,projected,ssp245,KHM,2754537.8104767064,2549355.368508079,2974296.9490926447
2027,projected,ssp245,IDN,5233589.716423226,4842058.82726104,5653117.665794243
2027,projected,ssp245,LAO,1522665.2411292503,1409670.288942344,1643646.9580575358
2027,projected,ssp245,MYS,427596.5069843838,396007.1403623052,461405.2289648454
2027,projected,ssp245,MMR,5263938.421960958,4866752.880431966,5689843.3367677005
2027,projected,ssp245,PHL,2056806.499380148,1900465.33023859,2224564.819444591
2027,projected,ssp245,SGP,384.7345473543809,356.4695715510237,414.97030028499165
2027,projected,ssp245,THA,7338104.948709375,6796494.898433625,7917717.543649623
2027,projected,ssp245,VNM,3519706.200475359,3252696.4541530465,3806160.1419179286
2028,projected,ssp245,BRN,3479.35983857366,3212.1359358443,3766.360487159322
2028,projected,ssp245,KHM,2672029.832294382,2466437.73797378,2892875.23159771
2028,projected,ssp245,IDN,5147962.249412993,4750132.588708489,5575503.087897254
2028,projected,ssp245,LAO,1492159.7121566401,1377804.9305326745,1614953.8988808682
2028,projected,ssp245,MYS,425020.9230446205,392608.5899671306,459809.64925886836
2028,projected,ssp245,MMR,5144665.117508137,4743352.691017149,5576311.168615227
2028,projected,ssp245,PHL,2012742.2146507453,1854495.3205198343,2183076.464490238
2028,projected,ssp245,SGP,386.73296903089505,357.41406074929534,418.1844394183883
2028,projected,ssp245,THA,7134902.717059309,6591279.444631516,7718333.885289314
2028,projected,ssp245,VNM,3430003.276291195,3160890.1483577145,3719611.45370687
2029,projected,ssp245,BRN,3498.815808930739,3222.0112133062403,3796.9267744956
2029,projected,ssp245,KHM,2593030.6461354876,2387469.7935919054,2814457.5060649463
2029,projected,ssp245,IDN,5065261.913966126,4661952.996957877,5499907.161036352
2029,projected,ssp245,LAO,1462681.7006907775,1347208.1318231896,1587019.3787827236
2029,projected,ssp245,MYS,422529.6740219325,389348.95613532985,458239.68744422385
2029,projected,ssp245,MMR,5029744.104873624,4625211.399968121,5466112.777899662
2029,projected,ssp245,PHL,1970200.7514976403,1810419.1221814663,2142695.462337965
2029,projected,ssp245,SGP,388.73832104941835,358.3993834453008,421.37092276304065
2029,projected,ssp245,THA,6939756.278693371,6395256.963494036,7525712.509206274
2029,projected,ssp245,VNM,3343760.2553707855,3073169.170034861,3635815.612923077
2030,projected,ssp245,BRN,3518.331496374063,3232.2297775926136,3827.2637710428476
2030,projected,ssp245,KHM,2517362.247900391,2312204.576906138,2738939.779199204
2030,projected,ssp245,IDN,4985371.47402838,4577299.026290616,5426321.864418679
2030,projected,ssp245,LAO,1434189.0656322706,1317806.7835699974,1559833.9566327347
2030,projected,ssp245,MYS,420120.433748478,386219.9385791004,456699.1816616195
2030,projected,ssp245,MMR,4918981.109308102,4512010.674396594,5359185.444405288
2030,projected,ssp245,PHL,1929118.8653023103,1768123.8105169795,2103411.1023930777
2030,projected,ssp245,SGP,390.7506661308704,359.42199269289046,424.5334493272217
2030,projected,ssp245,THA,6752283.160706523,6207877.75927994,7339649.726523816
2030,projected,ssp245,VNM,3260816.0606226064,2989282.692876217,3554707.0706331385
2022,projected,ssp585,BRN,3363.732288555291,3162.520246512556,3575.416512024056
2022,projected,ssp585,KHM,3226797.740498565,3033932.7100869035,3429688.383347369
2022,projected,ssp585,IDN,5710388.304916057,5368074.516009981,6070577.749798479
2022,projected,ssp585,LAO,1692100.0308138859,1591137.3460715702,1798297.3925643866
2022,projected,ssp585,MYS,441804.98794988065,415459.3002196886,469515.4255562063
2022,projected,ssp585,MMR,5932849.809433017,5576486.160229953,6307877.893020767
2022,projected,ssp585,PHL,2302490.0327081378,2163876.5364633165,2448387.932739183
2022,projected,ssp585,SGP,374.82973393378506,352.5335075885213,398.2765854096329
2022,projected,ssp585,THA,8489675.16473911,7983948.468936885,9021557.8103958
2022,projected,ssp585,VNM,4026484.953082299,3784150.5476807286,4281549.136505774
2023,projected,ssp585,BRN,3382.7066432856927,3169.157795164402,3608.2940074237745
2023,projected,ssp585,KHM,3123696.3553300234,2926517.4874705505,3331989.5617711893
2023,projected,ssp585,IDN,5608349.727145239,5253101.693047764,5983728.328880019
2023,projected,ssp585,LAO,1655612.3408215728,1551348.8749996074,1765732.7268404835
2023,projected,ssp585,MYS,438748.02022423525,411165.04921303695,467876.55794040137
2023,projected,ssp585,MMR,5788189.086122407,5420135.711132229,6177213.005190947
2023,projected,ssp585,PHL,2249808.772788599,2106203.297531363,2401641.888766292
2023,projected,ssp585,SGP,376.7799884549308,353.173227044577,401.70292234496327
2023,projected,ssp585,THA,8239344.356561292,7721892.479596713,8785746.74605959
2023,projected,ssp585,VNM,3916763.0365652023,3666972.9638337158,4180845.8289526477
2024,projected,ssp585,BRN,3401.739057995585,3176.5073302408377,3640.5687705735495
2024,projected,ssp585,KHM,3025173.08632373,2824781.624739385,3237671.1138732894
2024,projected,ssp585,IDN,5509910.295296879,5143528.671375461,5898555.414566249
2024,projected,ssp585,LAO,1620403.3290352155,1513368.7458529903,1733878.4269494433
2024,projected,ssp585,MYS,435789.1154822436,407078.81518640986,466220.5510563884
2024,projected,ssp585,MMR,5649042.841547913,5271397.041511399,6049806.366879803
2024,projected,ssp585,PHL,2199015.770821294,2051268.6711743786,2355871.7355016484
2024,projected,ssp585,SGP,378.73695252532747,353.8879222844508,405.06687318233656
2024,projected,ssp585,THA,7999357.151989428,7472883.622995932,8557345.892779471
2024,projected,ssp585,VNM,3811455.5614049714,3555703.324983258,4082945.451853318
2025,projected,ssp585,BRN,3420.829809745008,3184.467159107376,3672.3432712503377
2025,projected,ssp585,KHM,2930986.4999237056,2728286.0337518877,3146696.90625318
2025,projected,ssp585,IDN,5414919.965885138,5038911.281285408,5815210.612520887
2025,projected,ssp585,LAO,1586418.477556768,1477056.889172222,1702767.9538909248
2025,projected,ssp585,MYS,432925.43261625915,403181.3367339673,464561.22593679704
2025,projected,ssp585,MMR,5515154.885542632,5129654.972040736,5925771.57136325
2025,projected,ssp585,PHL,2150029.798586017,1998846.0358895382,2311145.648009473
2025,projected,ssp585,SGP,380.70068294250177,354.6673330807397,408.37883926863054
2025,projected,ssp585,THA,7769204.046908233,7235948.864866829,8336326.331131219
2025,projected,ssp585,VNM,3710348.8351933984,3449865.239161616,3987905.4330009953
2026,projected,ssp585,BRN,3439.979177832189,3192.958706622991,3703.6968656255526
2026,projected,ssp585,KHM,2840909.680491084,2636648.8051817645,3059002.0507467063
2026,projected,ssp585,IDN,5323236.13179399,4938877.145592608,5733788.124772387
2026,projected,ssp585,LAO,1553605.9901269332,1442294.0961196104,1672419.1928028204
2026,projected,ssp585,MYS,430154.237647417,399456.9613587357,462908.9976674442
2026,projected,ssp585,MMR,5386282.846308684,4994387.667646711,5805155.742067304
2026,projected,ssp585,PHL,2102773.6768359933,1948745.605428557,2267502.797315551
2026,projected,ssp585,SGP,382.6712372621404,355.5034711396581,411.64695141045667
2026,projected,ssp585,THA,7548404.194318893,7010241.033835547,8122589.3113899315
2026,projected,ssp585,VNM,3613241.104619386,3349052.9330906747,3895735.8430285095
2027,projected,ssp585,BRN,3459.187443780218,3201.9197854356125,3734.692525932126
2027,projected,ssp585,KHM,2754729.2609726633,2549532.595401995,2974503.62993683
2027,projected,ssp585,IDN,5234723.204459149,4843106.94711831,5654342.6801491855
2027,projected,ssp585,LAO,1521916.638694721,1408976.8769282962,1642839.2986979743
2027,projected,ssp585,MYS,427472.8990152987,395892.6628536323,461271.84918305115
2027,projected,ssp585,MMR,5262197.323223592,4865143.070423535,5687961.462438116
2027,projected,ssp585,PHL,2057174.0489784188,1900804.6153992931,2224962.7299167686
2027,projected,ssp585,SGP,384.648673801936,356.38997551381755,414.8777144701838
2027,projected,ssp585,THA,7336503.603891385,6795011.047171746,7915990.527437784
2027,projected,ssp585,VNM,3519941.8084616056,3252913.6765773636,3806415.5246387143
2028,projected,ssp585,BRN,3478.454891324022,3211.300191601214,3765.381244809499
2028,projected,ssp585,KHM,2672244.524211984,2466635.9452099297,2893107.6276360378
2028,projected,ssp585,IDN,5149252.222058116,4751322.040752368,5576901.169661999
2028,projected,ssp585,LAO,1491303.6195505075,1377013.9953807788,1614027.8844778335
2028,projected,ssp585,MYS,424878.8831026362,392477.38780295686,459655.9763780254
2028,projected,ssp585,MMR,5142681.095645068,4741523.260833123,5574160.884939327
2028,projected,ssp585,PHL,2013161.1686699777,1854880.9187215602,2183531.3648716537
2028,projected,ssp585,SGP,386.6330516447861,357.32168560626354,418.0764343694763
2028,projected,ssp585,THA,7133073.464139141,6589588.712248129,7716356.051894623
2028,projected,ssp585,VNM,3430270.8819549694,3161136.1100332756,3719902.4175636843
2029,projected,ssp585,BRN,3497.781806397556,3221.0587132854153,3795.805026567366
2029,projected,ssp585,KHM,2593266.569351329,2387687.0438818154,2814713.540160067
2029,projected,ssp585,IDN,5066700.481943053,4663275.903058628,5501470.490535344
2029,projected,ssp585,LAO,1461722.4183732953,1346324.0375530305,1585979.1917531046
2029,projected,ssp585,MYS,422369.7499820388,389201.60467017756,458066.2310426255
2029,projected,ssp585,MMR,5027528.383385457,4623173.605407511,5463705.152687719
2029,projected,ssp585,PHL,1970668.7003990852,1810848.6095185757,2143204.987143533
2029,projected,ssp585,SGP,388.62443064133697,358.294348225751,421.24751104034357
2029,projected,ssp585,THA,6937708.577933793,6393368.910218832,7523493.108116581
2029,projected,ssp585,VNM,3344058.10869858,3073442.1301432573,3636140.4168996704
2030,projected,ssp585,BRN,3517.1684771211644,3231.1610352358666,3825.9989826798565
2030,projected,ssp585,KHM,2517617.538239248,2312439.086016774,2739217.511133686
2030,projected,ssp585,IDN,4986951.195680418,4578748.015471545,5428042.99974814
2030,projected,ssp585,LAO,1433130.6835903574,1316833.6473371696,1558683.6108141409
2030,projected,ssp585,MYS,419943.1493725124,386056.98286755127,456506.4342065283
2030,projected,ssp585,MMR,4916544.154798873,4509774.938143684,5356530.878773473
2030,projected,ssp585,PHL,1929633.5321929725,1768594.9163886392,2103972.994628526
2030,projected,ssp585,SGP,390.6228714118492,359.3044105989911,424.3946454179161
2030,projected,ssp585,THA,6750025.902755674,6205801.307674499,7337197.516748681
2030,projected,ssp585,VNM,3261142.5165799554,2989581.0291478843,3555064.062608333
