scenario,GID_0,COUNTRY,predicted_area_ha,predicted_lower_ha,predicted_upper_ha
ssp245,THA,Thailand,7331302.589287922,5490695.9146849485,9633094.37044262
ssp245,MMR,Myanmar,3478275.7278123754,2464511.4534355435,4787235.150158645
ssp245,KHM,Cambodia,2901901.9953912627,2221713.8510031174,3732681.315198034
ssp245,IDN,Indonesia,2251881.603533023,1684790.8711736454,3118229.60567216
ssp245,VNM,Vietnam,2090958.8257137125,1571827.414050426,2745258.0240553203
ssp245,LAO,Laos,1529520.6823848162,1147593.6402673388,1998398.684092805
ssp245,PHL,Philippines,440180.8660483079,317470.72945445403,694975.559875308
ssp245,MYS,Malaysia,110723.942344276,82561.23849375032,157658.7308682473
ssp245,BRN,Brunei,885.4495627091204,671.7385919786884,1227.7830408162563
ssp245,SGP,Singapore,15.287231021442956,5.651788273339045,53.04489169182068
ssp585,THA,Thailand,7327153.375698891,5477344.007758774,9641529.158382768
ssp585,MMR,Myanmar,3477000.420083616,2457880.3604560164,4794291.955456022
ssp585,KHM,Cambodia,2901414.8077873737,2217510.544599898,3737364.5524626886
ssp585,IDN,Indonesia,2250759.2404466383,1681996.8205371303,3112700.9496217347
ssp585,VNM,Vietnam,2090614.2920947652,1568722.297844982,2748404.2385742557
ssp585,LAO,Laos,1528350.8682894104,1144529.0476486958,2000173.5541104232
ssp585,PHL,Philippines,439440.47547099966,316941.25132777187,689909.5691260259
ssp585,MYS,Malaysia,110645.50812204674,82435.08819806759,157155.73688922217
ssp585,BRN,Brunei,885.0549078674948,670.8804227395708,1224.7179872553656
ssp585,SGP,Singapore,15.093408437216086,5.654995737611846,51.50309789081646
