year,country,rice_million_tonnes,population_million_people,status,scenario,stress_percent
1961,SEA,46.00934,220.997567,historical,,
1962,SEA,49.327608000000005,227.17206800000002,historical,,
1963,SEA,49.364512,233.590493,historical,,
1964,SEA,50.724048999999994,240.171314,historical,,
1965,SEA,50.144526000000006,246.54252100000002,historical,,
1966,SEA,50.71577,252.82502299999996,historical,,
1967,SEA,50.43238199999999,259.426181,historical,,
1968,SEA,55.88954700000001,266.224392,historical,,
1969,SEA,58.702622999999996,273.2057040000001,historical,,
1970,SEA,63.512584999999994,280.16984800000006,historical,,
1971,SEA,63.25598599999999,287.154577,historical,,
1972,SEA,59.122404,294.271737,historical,,
1973,SEA,65.21335400000001,301.443012,historical,,
1974,SEA,64.74844299999998,308.59647899999993,historical,,
1975,SEA,67.27442100000002,315.64773699999995,historical,,
1976,SEA,69.845222,322.737364,historical,,
1977,SEA,68.202585,329.998677,historical,,
1978,SEA,74.025056,337.415806,historical,,
1979,SEA,75.068806,345.08732599999996,historical,,
1980,SEA,84.478738,353.110922,historical,,
1981,SEA,89.72009,361.404175,historical,,
1982,SEA,92.719858,369.9507109999999,historical,,
1983,SEA,96.090852,378.80151,historical,,
1984,SEA,99.82928600000001,387.79576800000007,historical,,
1985,SEA,103.28789,396.63005799999996,historical,,
1986,SEA,103.27377600000003,405.2311070000001,historical,,
1987,SEA,100.47930299999999,413.825326,historical,,
1988,SEA,107.315895,422.50984,historical,,
1989,SEA,113.44972399999997,431.18887,historical,,
1990,SEA,111.377954,439.99103900000006,historical,,
1991,SEA,112.61278000000001,448.72549699999996,historical,,
1992,SEA,119.76810399999998,457.512318,historical,,
1993,SEA,122.09829099999999,466.37323399999997,historical,,
1994,SEA,125.00682600000002,475.1967699999999,historical,,
1995,SEA,130.917885,484.159314,historical,,
1996,SEA,135.623068,493.1781399999999,historical,,
1997,SEA,135.393119,502.222583,historical,,
1998,SEA,134.894827,511.06743099999994,historical,,
1999,SEA,145.734054,519.2948660000001,historical,,
2000,SEA,151.500967,527.124019,historical,,
2001,SEA,154.48510700000003,534.8593040000001,historical,,
2002,SEA,157.01382900000002,542.3634940000001,historical,,
2003,SEA,162.66912700000003,549.709266,historical,,
2004,SEA,167.805159,556.91887,historical,,
2005,SEA,172.972359,564.152105,historical,,
2006,SEA,177.66595,571.7498530000001,historical,,
2007,SEA,180.563532,579.867017,historical,,
2008,SEA,190.761934,588.032885,historical,,
2009,SEA,192.220339,595.901407,historical,,
2010,SEA,196.24623799999998,603.7461689999999,historical,,
2011,SEA,197.000787,611.617057,historical,,
2012,SEA,203.08307399999998,619.6186390000003,historical,,
2013,SEA,202.72273599999997,627.5210259999999,historical,,
2014,SEA,202.053524,635.0747439999999,historical,,
2015,SEA,196.81368299999997,642.3757330000001,historical,,
2016,SEA,186.104504,649.5039159999999,historical,,
2017,SEA,192.075731,656.434196,historical,,
2018,SEA,200.646606,662.9644480000002,historical,,
2019,SEA,191.66336800000002,669.2035539999999,historical,,
2020,SEA,190.951635,674.988521,historical,,
2021,SEA,196.14222199999998,679.9666050000001,historical,,
2022,SEA,196.036401,684.898422,historical,,
2023,SEA,196.38823100000002,690.117215,historical,,
2024,SEA,197.000964,695.149428,historical_rice_UN_population_projection,,
2025,SEA,196.269589,712.261194,saved_notebook_forecast_with_optional_stress,notebook_MLP_rice_MLP_population,0
2026,SEA,196.300655,719.602087,saved_notebook_forecast_with_optional_stress,notebook_MLP_rice_MLP_population,0
2027,SEA,196.400637,728.634957,saved_notebook_forecast_with_optional_stress,notebook_MLP_rice_MLP_population,0
2028,SEA,196.397172,740.336295,saved_notebook_forecast_with_optional_stress,notebook_MLP_rice_MLP_population,0
2029,SEA,196.385371,748.766818,saved_notebook_forecast_with_optional_stress,notebook_MLP_rice_MLP_population,0
2030,SEA,196.367174,758.115227,saved_notebook_forecast_with_optional_stress,notebook_MLP_rice_MLP_population,0